Date,AAPL,MSFT
2021-06-28,131.37704467773438,257.8896789550781
2021-06-29,132.887939453125,260.4617004394531
2021-06-30,133.50201416015625,259.9818115234375
2021-07-01,133.80418395996094,260.65362548828125
2021-07-02,136.42630004882812,266.4598083496094
2021-07-06,138.4342498779297,266.4693603515625
2021-07-07,140.91990661621094,268.64794921875
2021-07-08,139.62347412109375,266.2391052246094
2021-07-09,141.4462432861328,266.7381896972656
2021-07-12,140.8516082763672,266.1430969238281
2021-07-13,141.96287536621094,269.65557861328125
2021-07-14,145.38424682617188,271.12396240234375
2021-07-15,144.73110961914062,269.7035217285156
2021-07-16,142.6939239501953,269.4348449707031
2021-07-19,138.8533935546875,265.8455810546875
2021-07-20,142.45997619628906,268.06243896484375
2021-07-21,141.7289276123047,270.0586242675781
2021-07-22,143.09359741210938,274.6076354980469
2021-07-23,144.8091278076172,277.9953308105469
2021-07-26,145.2283172607422,277.40032958984375
2021-07-27,143.06431579589844,274.99151611328125
2021-07-28,141.31951904296875,274.68450927734375
2021-07-29,141.96287536621094,274.9530944824219
2021-07-30,142.17735290527344,273.4271545410156
2021-08-02,141.8459014892578,273.3408508300781
2021-08-03,143.63946533203125,275.5481262207031
2021-08-04,143.23980712890625,274.96270751953125
2021-08-05,143.34698486328125,277.8514099121094
2021-08-06,142.66366577148438,277.79388427734375
2021-08-09,142.61483764648438,276.7093200683594
2021-08-10,142.1365203857422,274.8956298828125
2021-08-11,142.390380859375,275.38507080078125
2021-08-12,145.34828186035156,278.1297302246094
2021-08-13,145.55325317382812,281.0472412109375
2021-08-16,147.5251922607422,282.72674560546875
2021-08-17,146.61732482910156,281.26788330078125
2021-08-18,142.87844848632812,279.5467834472656
2021-08-19,143.2103271484375,285.3544921875
2021-08-20,144.66490173339844,292.6524353027344
2021-08-23,146.14874267578125,292.93133544921875
2021-08-24,146.0608367919922,290.9794921875
2021-08-25,144.83084106445312,290.39288330078125
2021-08-26,144.0303497314453,287.5852355957031
2021-08-27,145.06517028808594,288.19097900390625
2021-08-30,149.47763061523438,291.9120178222656
2021-08-31,148.2183380126953,290.26788330078125
2021-09-01,148.88217163085938,290.2198181152344
2021-09-02,149.9950408935547,289.56597900390625
2021-09-03,150.62953186035156,289.55633544921875
2021-09-07,152.9626922607422,288.6332702636719
2021-09-08,151.42027282714844,288.662109375
2021-09-09,150.40501403808594,285.8160400390625
2021-09-10,145.4263458251953,284.335205078125
2021-09-13,145.9925537109375,285.5659484863281
2021-09-14,144.5966033935547,288.25823974609375
2021-09-15,145.48492431640625,293.09478759765625
2021-09-16,145.25064086914062,293.47943115234375
2021-09-17,142.58558654785156,288.335205078125
2021-09-20,139.539794921875,282.9794921875
2021-09-21,140.01815795898438,283.4601745605469
2021-09-22,142.3805694580078,287.09478759765625
2021-09-23,143.33726501464844,288.03717041015625
2021-09-24,143.42510986328125,287.8351745605469
2021-09-27,141.91200256347656,282.8544616699219
2021-09-28,138.53428649902344,272.6140441894531
2021-09-29,139.4324188232422,273.0756530761719
2021-09-30,138.13404846191406,271.07568359375
2021-10-01,139.2566680908203,277.9794921875
2021-10-04,135.83013916015625,272.2198791503906
2021-10-05,137.75335693359375,277.6525573730469
2021-10-06,138.62216186523438,281.835205078125
2021-10-07,139.88145446777344,283.50830078125
2021-10-08,139.50071716308594,283.50830078125
2021-10-11,139.4128875732422,282.91217041015625
2021-10-12,138.143798828125,281.6140441894531
2021-10-13,137.5580596923828,284.91217041015625
2021-10-14,140.34027099609375,291.1044616699219
2021-10-15,141.39459228515625,292.5082702636719
2021-10-18,143.06393432617188,295.4697265625
2021-10-19,145.22134399414062,296.3736267089844
2021-10-20,145.70944213867188,295.58514404296875
2021-10-21,145.9241943359375,298.8063659667969
2021-10-22,145.1529998779297,297.2677917480469
2021-10-25,145.10421752929688,296.2774658203125
2021-10-26,145.7680206298828,298.1812744140625
2021-10-27,145.30918884277344,310.7389831542969
2021-10-28,148.9407196044922,311.87353515625
2021-10-29,146.23660278320312,318.8638916015625
2021-11-01,145.41659545898438,316.700439453125
2021-11-02,146.45135498046875,320.3157653808594
2021-11-03,147.88641357421875,321.1523132324219
2021-11-04,147.36900329589844,323.4985046386719
2021-11-05,147.8969268798828,323.1331787109375
2021-11-08,147.07571411132812,324.0273132324219
2021-11-09,147.43748474121094,323.0273742675781
2021-11-10,144.61207580566406,318.075439453125
2021-11-11,144.5631866455078,319.64276123046875
2021-11-12,146.6357879638672,323.7677001953125
2021-11-15,146.64556884765625,323.1427001953125
2021-11-16,147.62319946289062,326.4504089355469
2021-11-17,150.05752563476562,326.6719665527344
2021-11-18,154.33958435058594,328.7430114746094
2021-11-19,156.9596405029297,330.5155334472656
2021-11-22,157.41915893554688,327.3559265136719
2021-11-23,157.80038452148438,325.2848205566406
2021-11-24,158.3185577392578,325.5063171386719
2021-11-26,153.3032684326172,317.5784606933594
2021-11-29,156.6565399169922,324.27337646484375
2021-11-30,161.6033935546875,318.455078125
2021-12-01,161.08526611328125,317.9637145996094
2021-12-02,160.09786987304688,317.39544677734375
2021-12-03,158.22079467773438,311.1533508300781
2021-12-06,161.6229705810547,314.2165832519531
2021-12-07,167.35191345214844,322.6261901855469
2021-12-08,171.1647186279297,322.67425537109375
2021-12-09,170.6562957763672,320.8729248046875
2021-12-10,175.43695068359375,329.96636962890625
2021-12-13,171.8099365234375,326.94171142578125
2021-12-14,170.43145751953125,316.2876892089844
2021-12-15,175.2903289794922,322.3660583496094
2021-12-16,168.40774536132812,312.973876953125
2021-12-17,167.3127899169922,311.914306640625
2021-12-20,165.95388793945312,308.1671447753906
2021-12-21,169.12144470214844,315.2762145996094
2021-12-22,171.71217346191406,320.96923828125
2021-12-23,172.33786010742188,322.40460205078125
2021-12-27,176.2972869873047,329.8797607421875
2021-12-28,175.2805633544922,328.7237854003906
2021-12-29,175.3685302734375,329.3980407714844
2021-12-30,174.21490478515625,326.8645935058594
2021-12-31,173.5990447998047,323.9747619628906
2022-01-03,177.93968200683594,322.46240234375
2022-01-04,175.681396484375,316.93310546875
2022-01-05,171.00828552246094,304.7667541503906
2022-01-06,168.15357971191406,302.3583984375
2022-01-07,168.31980895996094,302.5126037597656
2022-01-10,168.33934020996094,302.7340393066406
2022-01-11,171.1647186279297,303.41802978515625
2022-01-12,171.60464477539062,306.5873107910156
2022-01-13,168.33934020996094,293.6117248535156
2022-01-14,169.19964599609375,298.8134460449219
2022-01-18,166.00277709960938,291.5406494140625
2022-01-19,162.5125732421875,292.1957092285156
2022-01-20,160.8310546875,290.5291748046875
2022-01-21,158.77806091308594,285.1636962890625
2022-01-24,158.00570678710938,285.4911804199219
2022-01-25,156.2068634033203,277.9002990722656
2022-01-26,156.1188507080078,285.8187561035156
2022-01-27,155.6593780517578,288.8338623046875
2022-01-28,166.52093505859375,296.9447937011719
2022-01-31,170.87142944335938,299.5649108886719
2022-02-01,170.7052001953125,297.4263916015625
2022-02-02,171.90771484375,301.953857421875
2022-02-03,169.03343200683594,290.19207763671875
2022-02-04,168.7495574951172,294.7098083496094
2022-02-07,168.03497314453125,289.903076171875
2022-02-08,171.13807678222656,293.38055419921875
2022-02-09,172.5574188232422,299.78643798828125
2022-02-10,168.48529052734375,291.2805480957031
2022-02-11,165.07875061035156,284.21002197265625
2022-02-14,165.31370544433594,284.17138671875
2022-02-15,169.14111328125,289.4407043457031
2022-02-16,168.9062042236328,289.10284423828125
2022-02-17,165.31370544433594,280.6372985839844
2022-02-18,163.76707458496094,277.9344787597656
2022-02-22,160.85003662109375,277.7317199707031
2022-02-23,156.6897430419922,270.5404357910156
2022-02-24,159.3033905029297,284.3633117675781
2022-02-25,161.3688201904297,286.9888610839844
2022-02-28,161.63308715820312,288.4175109863281
2022-03-01,159.75363159179688,284.7108154296875
2022-03-02,163.04266357421875,289.76885986328125
2022-03-03,162.7196502685547,285.6470947265625
2022-03-04,159.72425842285156,279.7974548339844
2022-03-07,155.93601989746094,269.2276611328125
2022-03-08,154.11524963378906,266.27386474609375
2022-03-09,159.50892639160156,278.48468017578125
2022-03-10,155.1724853515625,275.67572021484375
2022-03-11,151.46249389648438,270.3473205566406
2022-03-14,147.43930053710938,266.8433532714844
2022-03-15,151.8148956298828,277.1814880371094
2022-03-16,156.21990966796875,284.1702880859375
2022-03-17,157.22811889648438,284.9714660644531
2022-03-18,160.51718139648438,290.00054931640625
2022-03-21,161.8876190185547,288.774658203125
2022-03-22,165.2549591064453,293.5045166015625
2022-03-23,166.61561584472656,289.0931701660156
2022-03-24,170.39410400390625,293.5431213378906
2022-03-25,171.0303955078125,293.13775634765625
2022-03-28,171.89178466796875,299.9140930175781
2022-03-29,175.18087768554688,304.46051025390625
2022-03-30,174.01597595214844,302.9643249511719
2022-03-31,170.92271423339844,297.6069641113281
2022-04-01,170.62904357910156,298.6784362792969
2022-04-04,174.67185974121094,304.0357666015625
2022-04-05,171.36322021484375,300.0877990722656
2022-04-06,168.201416015625,289.10284423828125
2022-04-07,168.50485229492188,290.907958984375
2022-04-08,166.4981231689453,286.6606140136719
2022-04-11,162.24977111816406,275.3571472167969
2022-04-12,164.11947631835938,272.26824951171875
2022-04-13,166.80160522460938,277.63519287109375
2022-04-14,161.79949951171875,270.1156921386719
2022-04-18,161.5841827392578,270.7817077636719
2022-04-19,163.8649444580078,275.395751953125
2022-04-20,163.6985321044922,276.4189453125
2022-04-21,162.90565490722656,271.0616760253906
2022-04-22,158.3734130859375,264.5169982910156
2022-04-25,159.44044494628906,270.9747619628906
2022-04-26,153.48880004882812,260.83929443359375
2022-04-27,153.26364135742188,273.38800048828125
2022-04-28,160.18438720703125,279.575439453125
2022-04-29,154.32086181640625,267.8858642578125
2022-05-02,154.62428283691406,274.5946044921875
2022-05-03,156.1121826171875,271.99798583984375
2022-05-04,162.51409912109375,279.91326904296875
2022-05-05,153.45941162109375,267.7217712402344
2022-05-06,154.1848907470703,265.1927185058594
2022-05-09,149.06761169433594,255.39508056640625
2022-05-10,151.46939086914062,260.1442565917969
2022-05-11,143.61697387695312,251.50494384765625
2022-05-12,139.7545623779297,246.4855194091797
2022-05-13,144.2150115966797,252.05517578125
2022-05-16,142.67591857910156,252.42196655273438
2022-05-17,146.3031005859375,257.55731201171875
2022-05-18,138.04879760742188,245.830810546875
2022-05-19,134.64706420898438,244.9213104248047
2022-05-20,134.8823699951172,244.3601837158203
2022-05-23,140.29368591308594,252.18751525878906
2022-05-24,137.5978546142578,251.19093322753906
2022-05-25,137.75469970703125,253.9967803955078
2022-05-26,140.95054626464844,257.2670593261719
2022-05-27,146.6952362060547,264.36871337890625
2022-05-31,145.9109344482422,263.043212890625
2022-06-01,145.78350830078125,263.57537841796875
2022-06-02,148.23431396484375,265.6651611328125
2022-06-03,142.51907348632812,261.2533264160156
2022-06-06,143.26409912109375,260.0245666503906
2022-06-07,145.78350830078125,263.6528015136719
2022-06-08,145.04827880859375,261.630615234375
2022-06-09,139.8330078125,256.19317626953125
2022-06-10,134.431396484375,244.7762451171875
2022-06-13,129.2847137451172,234.3946075439453
2022-06-14,130.1474151611328,236.5521697998047
2022-06-15,132.76483154296875,243.58615112304688
2022-06-16,127.50053405761719,237.01663208007812
2022-06-17,128.9709930419922,239.60960388183594
2022-06-21,133.19618225097656,245.5018768310547
2022-06-22,132.68641662597656,244.91168212890625
2022-06-23,135.5489959716797,250.45559692382812
2022-06-24,138.8722686767578,259.0087585449219
2022-06-27,138.8722686767578,256.28985595703125
2022-06-28,134.7353515625,248.15289306640625
2022-06-29,136.49009704589844,251.8101806640625
2022-06-30,134.02947998046875,248.4915313720703
2022-07-01,136.19598388671875,251.15228271484375
2022-07-05,138.77423095703125,254.3160858154297
2022-07-06,140.1074676513672,257.5670471191406
2022-07-07,143.46995544433594,259.68585205078125
2022-07-08,144.1464080810547,258.9698791503906
2022-07-11,142.01907348632812,255.9221954345703
2022-07-12,142.9896240234375,245.4341583251953
2022-07-13,142.6268768310547,244.51499938964844
2022-07-14,145.54824829101562,245.830810546875
2022-07-15,147.2147674560547,248.38510131835938
2022-07-18,144.17578125,245.9953155517578
2022-07-19,148.02847290039062,251.1038360595703
2022-07-20,150.02828979492188,253.75489807128906
2022-07-21,152.2928466796875,256.2414855957031
2022-07-22,151.0576629638672,251.9069061279297
2022-07-25,149.94007873535156,250.42660522460938
2022-07-26,148.61666870117188,243.72158813476562
2022-07-27,153.7044677734375,260.0148620605469
2022-07-28,154.25350952148438,267.4358825683594
2022-07-29,159.31195068359375,271.6252746582031
2022-08-01,158.3316192626953,268.98394775390625
2022-08-02,156.8611602783203,265.8974914550781
2022-08-03,162.8607177734375,273.29913330078125
2022-08-04,162.54698181152344,274.4407958984375
2022-08-05,162.3212432861328,273.7248840332031
2022-08-08,161.85000610351562,271.2189025878906
2022-08-09,161.89910888671875,273.13458251953125
2022-08-10,166.1399688720703,279.7719421386719
2022-08-11,165.40371704101562,277.7013244628906
2022-08-12,168.9475555419922,282.4326477050781
2022-08-15,170.0176239013672,283.9419860839844
2022-08-16,169.8605499267578,283.2065734863281
2022-08-17,171.3527069091797,282.4600830078125
2022-08-18,170.9600067138672,281.34503173828125
2022-08-19,168.37820434570312,277.4472961425781
2022-08-22,164.5005645751953,269.3027648925781
2022-08-23,164.16676330566406,268.0325927734375
2022-08-24,164.46127319335938,267.4023742675781
2022-08-25,166.91549682617188,270.3692932128906
2022-08-26,160.62290954589844,259.9365234375
2022-08-29,158.42393493652344,257.1634826660156
2022-08-30,155.9991912841797,254.97225952148438
2022-08-31,154.34014892578125,253.5178680419922
2022-09-01,155.06655883789062,252.48045349121094
2022-09-02,152.9559326171875,248.27239990234375
2022-09-06,151.69943237304688,245.54788208007812
2022-09-07,153.10321044921875,250.24066162109375
2022-09-08,151.6306915283203,250.65760803222656
2022-09-09,154.4873809814453,256.41693115234375
2022-09-12,160.43638610839844,258.5403137207031
2022-09-13,151.02206420898438,244.32618713378906
2022-09-14,152.4651336669922,244.54920959472656
2022-09-15,149.57894897460938,237.917236328125
2022-09-16,147.9395751953125,237.29669189453125
2022-09-19,151.6503143310547,237.0833740234375
2022-09-20,154.02597045898438,235.0763397216797
2022-09-21,150.90423583984375,231.68276977539062
2022-09-22,149.94223022460938,233.65101623535156
2022-09-23,147.67449951171875,230.68411254882812
2022-09-26,148.00830078125,230.2283935546875
2022-09-27,148.9801483154297,229.2200469970703
2022-09-28,147.09535217285156,233.73831176757812
2022-09-29,139.87013244628906,230.27687072753906
2022-09-30,135.66854858398438,225.8167724609375
2022-10-03,139.84068298339844,233.41831970214844
2022-10-04,143.423828125,241.31082153320312
2022-10-05,143.71835327148438,241.62107849121094
2022-10-06,142.76609802246094,239.2843780517578
2022-10-07,137.52391052246094,227.11602783203125
2022-10-10,137.84786987304688,222.27780151367188
2022-10-11,136.43423461914062,218.55459594726562
2022-10-12,135.8059844970703,218.88424682617188
2022-10-13,140.37081909179688,227.11602783203125
2022-10-14,135.84523010253906,221.60877990722656
2022-10-17,139.80142211914062,230.30596923828125
2022-10-18,141.1168975830078,231.24647521972656
2022-10-19,141.224853515625,229.2878875732422
2022-10-20,140.7634735107422,228.9679412841797
2022-10-21,144.57241821289062,234.75636291503906
2022-10-24,146.71246337890625,239.73036193847656
2022-10-25,149.549560546875,243.03663635253906
2022-10-26,146.6143035888672,224.2847900390625
2022-10-27,142.1476287841797,219.85382080078125
2022-10-28,152.8872528076172,228.6964569091797
2022-10-31,150.5312042236328,225.07022094726562
2022-11-01,147.8905029296875,221.23062133789062
2022-11-02,142.3734130859375,213.40606689453125
2022-11-03,136.33609008789062,207.73399353027344
2022-11-04,136.0706024169922,214.65684509277344
2022-11-07,136.6015625,220.93975830078125
2022-11-08,137.17190551757812,221.90931701660156
2022-11-09,132.61915588378906,217.6819610595703
2022-11-10,144.41888427734375,235.59019470214844
2022-11-11,147.20162963867188,239.59458923339844
2022-11-14,145.8053741455078,234.20370483398438
2022-11-15,147.5359649658203,234.61094665527344
2022-11-16,146.30685424804688,235.0387420654297
2022-11-17,148.2046356201172,234.99012756347656
2022-11-18,148.76513671875,234.54286193847656
2022-11-21,145.53982543945312,235.3498992919922
2022-11-22,147.6736297607422,238.2473907470703
2022-11-23,148.54881286621094,240.726806640625
2022-11-25,145.63819885253906,240.63931274414062
2022-11-28,141.81312561035156,235.0679168701172
2022-11-29,138.81402587890625,233.677490234375
2022-11-30,145.55955505371094,248.07752990722656
2022-12-01,145.8348388671875,247.63999938964844
2022-12-02,145.34320068359375,247.9608612060547
2022-12-05,144.1829071044922,243.2742919921875
2022-12-06,140.52500915527344,238.3349151611328
2022-12-07,138.58786010742188,237.6056671142578
2022-12-08,140.2693328857422,240.55177307128906
2022-12-09,139.78750610351562,238.6265869140625
2022-12-12,142.07864379882812,245.5203399658203
2022-12-13,143.04226684570312,249.8083038330078
2022-12-14,140.81997680664062,250.09996032714844
2022-12-15,134.22193908691406,242.1172332763672
2022-12-16,132.26513671875,237.91683959960938
2022-12-19,130.16087341308594,233.79417419433594
2022-12-20,130.09207153320312,235.10678100585938
2022-12-21,133.18948364257812,237.6640167236328
2022-12-22,130.02322387695312,231.5967254638672
2022-12-23,129.659423828125,232.1217803955078
2022-12-27,127.85993957519531,230.40078735351562
2022-12-28,123.93653869628906,228.0380401611328
2022-12-29,127.44694519042969,234.3386688232422
2022-12-30,127.7615737915039,233.18162536621094
2023-01-03,122.98271179199219,232.9482421875
2023-01-04,124.25118255615234,222.75836181640625
2023-01-05,122.93353271484375,216.1562957763672
2023-01-06,127.45677947998047,218.70375061035156
2023-01-09,127.97794342041016,220.83316040039062
2023-01-10,128.54824829101562,222.51527404785156
2023-01-11,131.26220703125,229.24371337890625
2023-01-12,131.18353271484375,231.90785217285156
2023-01-13,132.51101684570312,232.60794067382812
2023-01-17,133.67129516601562,233.69696044921875
2023-01-18,132.9534912109375,229.2826385498047
2023-01-19,133.01246643066406,225.510009765625
2023-01-20,135.56907653808594,233.57058715820312
2023-01-23,138.75503540039062,235.86520385742188
2023-01-24,140.1513214111328,235.3401641845703
2023-01-25,139.4925079345703,233.9497833251953
2023-01-26,141.55747985839844,241.13519287109375
2023-01-27,143.49459838867188,241.290771484375
2023-01-30,140.61349487304688,235.99163818359375
2023-01-31,141.88194274902344,240.95046997070312
2023-02-01,143.00294494628906,245.75367736816406
2023-02-02,148.30300903320312,257.27569580078125
2023-02-03,151.9215545654297,251.1986846923828
2023-02-06,149.1977996826172,249.66241455078125
2023-02-07,152.0690460205078,260.1537170410156
2023-02-08,149.38462829589844,259.3467102050781
2023-02-09,148.35214233398438,256.3227844238281
2023-02-10,148.71653747558594,255.81723022460938
2023-02-13,151.5133819580078,263.8097229003906
2023-02-14,150.87326049804688,264.6361083984375
2023-02-15,152.9709014892578,262.5209045410156
2023-02-16,151.37551879882812,255.53195190429688
2023-02-17,150.23313903808594,251.54519653320312
2023-02-21,146.22494506835938,246.2913055419922
2023-02-22,146.64842224121094,245.16055297851562
2023-02-23,147.1309814453125,248.33822631835938
2023-02-24,144.48179626464844,242.9283447265625
2023-02-27,145.67344665527344,243.8446502685547
2023-02-28,145.1712188720703,243.12332153320312
2023-03-01,143.1030731201172,240.0528106689453
2023-03-02,143.69398498535156,244.77064514160156
2023-03-03,148.7362060546875,248.84510803222656
2023-03-06,151.49371337890625,250.38523864746094
2023-03-07,149.2975616455078,247.73388671875
2023-03-08,150.5482635498047,247.29525756835938
2023-03-09,148.30291748046875,245.95013427734375
2023-03-10,146.24461364746094,242.3142547607422
2023-03-13,148.1847381591797,247.5097198486328
2023-03-14,150.2725372314453,254.20628356933594
2023-03-15,150.66647338867188,258.7388916015625
2023-03-16,153.48300170898438,269.227294921875
2023-03-17,152.64593505859375,272.37567138671875
2023-03-20,155.0094757080078,265.35748291015625
2023-03-21,156.86093139648438,266.8683166503906
2023-03-22,155.43295288085938,265.4159851074219
2023-03-23,156.51622009277344,270.6503601074219
2023-03-24,157.81622314453125,273.48687744140625
2023-03-27,155.87611389160156,269.4026794433594
2023-03-28,155.25567626953125,268.2817687988281
2023-03-29,158.32827758789062,273.428466796875
2023-03-30,159.8941192626953,276.8790588378906
2023-03-31,162.3955535888672,281.0216979980469
2023-04-03,163.64630126953125,279.9787902832031
2023-04-04,163.11447143554688,279.9300537109375
2023-04-05,161.27285766601562,277.1617126464844
2023-04-06,162.15924072265625,284.2385559082031
2023-04-10,159.56919860839844,282.0842590332031
2023-04-11,158.3578338623047,275.6898498535156
2023-04-12,157.66848754882812,276.33319091796875
2023-04-13,163.0455322265625,282.52288818359375
2023-04-14,162.70086669921875,278.91632080078125
2023-04-17,162.72055053710938,281.5091552734375
2023-04-18,163.9417266845703,281.0899658203125
2023-04-19,165.08409118652344,281.1679992675781
2023-04-20,164.1190185546875,278.8870849609375
2023-04-21,162.51373291015625,278.5459289550781
2023-04-24,162.81903076171875,274.6565856933594
2023-04-25,161.28273010253906,268.4669494628906
2023-04-26,161.27285766601562,287.9132995605469
2023-04-27,165.8522491455078,297.1343994140625
2023-04-28,167.10293579101562,299.5031433105469
2023-05-01,167.01434326171875,297.8460388183594
2023-05-02,165.98028564453125,297.6998596191406
2023-05-03,164.90682983398438,296.7152404785156
2023-05-04,163.2720489501953,297.6998596191406
2023-05-05,170.93389892578125,302.8074951171875
2023-05-08,170.8649444580078,300.8580322265625
2023-05-09,169.1612548828125,299.2496643066406
2023-05-10,170.924072265625,304.4256591796875
2023-05-11,171.1111602783203,302.2811279296875
2023-05-12,170.1841583251953,301.1699523925781
2023-05-15,169.6910858154297,301.6475830078125
2023-05-16,169.6910858154297,303.8699951171875
2023-05-17,170.30250549316406,306.7420349121094
2023-05-18,172.62985229492188,311.1575927734375
2023-05-19,172.73837280273438,310.98175048828125
2023-05-22,171.79159545898438,313.7560729980469
2023-05-23,169.1881103515625,307.9729919433594
2023-05-24,169.46426391601562,306.5955505371094
2023-05-25,170.59835815429688,318.3865661621094
2023-05-26,173.00460815429688,325.1954040527344
2023-05-30,174.84873962402344,323.5541687011719
2023-05-31,174.7994384765625,320.7994689941406
2023-06-01,177.6001739501953,324.892578125
2023-06-02,178.4482879638672,327.6474304199219
2023-06-05,177.0972442626953,328.1749572753906
2023-06-06,176.7323455810547,325.9671630859375
2023-06-07,175.36155700683594,315.90521240234375
2023-06-08,178.07354736328125,317.7417907714844
2023-06-09,178.45819091796875,319.2364501953125
2023-06-12,181.24900817871094,324.1794738769531
2023-06-13,180.7756805419922,326.5630798339844
2023-06-14,181.4068145751953,329.5426025390625
2023-06-15,183.4383544921875,340.0538635253906
2023-06-16,182.36337280273438,334.417236328125
2023-06-20,182.45216369628906,330.23614501953125
2023-06-21,181.41668701171875,325.84991455078125
2023-06-22,184.41464233398438,331.8577880859375
2023-06-23,184.09906005859375,327.27618408203125
2023-06-26,182.70855712890625,321.00457763671875
2023-06-27,185.46002197265625,326.83660888671875
2023-06-28,186.633544921875,328.0870361328125
2023-06-29,186.9688262939453,327.3055114746094
2023-06-30,191.28831481933594,332.6686096191406
2023-07-03,189.7991485595703,330.177490234375
2023-07-05,188.68479919433594,330.3338623046875
2023-07-06,189.1581573486328,333.3817138671875
2023-07-07,188.0437774658203,329.4253234863281
2023-07-10,186.0023956298828,324.1598815917969
2023-07-11,185.47970581054688,324.78515625
2023-07-12,187.1463623046875,329.4058532714844
2023-07-13,187.9056854248047,334.7395935058594
2023-07-14,188.0536651611328,337.2598876953125
2023-07-17,191.3080291748047,337.73870849609375
2023-07-18,191.05160522460938,351.1806335449219
2023-07-19,192.40264892578125,346.8724670410156
2023-07-20,190.45989990234375,338.8523254394531
2023-07-21,189.286376953125,335.8240051269531
2023-07-24,190.08517456054688,337.1329650878906
2023-07-25,190.94313049316406,342.8673095703125
2023-07-26,191.8109588623047,329.9626159667969
2023-07-27,190.54864501953125,323.0756530761719
2023-07-28,193.12254333496094,330.54876708984375
2023-07-31,193.73399353027344,328.1553649902344
2023-08-01,192.90560913085938,328.565673828125
2023-08-02,189.9175262451172,319.92999267578125
2023-08-03,188.5270233154297,319.10943603515625
2023-08-04,179.47390747070312,320.20355224609375
2023-08-07,176.37733459472656,322.4796447753906
2023-08-08,177.314208984375,318.5135498046875
2023-08-09,175.72647094726562,314.7818603515625
2023-08-10,175.5094757080078,315.46563720703125
2023-08-11,175.56875610351562,313.5900573730469
2023-08-14,177.21788024902344,316.54998779296875
2023-08-15,175.23300170898438,314.4203796386719
2023-08-16,174.36399841308594,313.65673828125
2023-08-17,171.8260955810547,310.2109069824219
2023-08-18,172.3099822998047,309.8193359375
2023-08-21,173.6431427001953,315.10565185546875
2023-08-22,175.0157470703125,315.6734619140625
2023-08-23,178.85716247558594,320.1179504394531
2023-08-24,174.17637634277344,313.23583984375
2023-08-25,176.3784942626953,316.18255615234375
2023-08-28,177.9387969970703,316.88739013671875
2023-08-29,181.81967163085938,321.498291015625
2023-08-30,185.30557250976562,321.8702392578125
2023-08-31,185.52281188964844,320.8619689941406
2023-09-01,187.09295654296875,321.74298095703125
2023-09-05,187.3299560546875,326.530029296875
2023-09-06,180.62477111816406,325.8741760253906
2023-09-07,175.3416290283203,322.96661376953125
2023-09-08,175.953857421875,327.23486328125
2023-09-11,177.119140625,330.82763671875
2023-09-12,174.09739685058594,324.7874755859375
2023-09-13,172.0334930419922,328.9872741699219
2023-09-14,173.54437255859375,331.57171630859375
2023-09-15,172.823486328125,323.2701721191406
2023-09-18,175.7465057373047,322.134521484375
2023-09-19,176.83274841308594,321.7331237792969
2023-09-20,173.29750061035156,314.01898193359375
2023-09-21,171.75692749023438,312.80517578125
2023-09-22,172.6062469482422,310.33819580078125
2023-09-25,173.88009643554688,310.8569641113281
2023-09-26,169.8115997314453,305.5707092285156
2023-09-27,168.30067443847656,306.20697021484375
2023-09-28,168.5574493408203,307.0390625
2023-09-29,169.07098388671875,309.10467529296875
2023-10-02,171.5792236328125,315.02728271484375
2023-10-03,170.24606323242188,306.7944030761719
2023-10-04,171.49034118652344,312.24713134765625
2023-10-05,172.7247314453125,312.63873291015625
2023-10-06,175.2725067138672,320.3724670410156
2023-10-09,176.75375366210938,322.8786315917969
2023-10-10,176.1612548828125,321.4786682128906
2023-10-11,177.55364990234375,325.423828125
2023-10-12,178.4522705078125,324.19036865234375
2023-10-13,176.61550903320312,320.83258056640625
2023-10-16,176.48712158203125,325.6391906738281
2023-10-17,174.93675231933594,325.0713806152344
2023-10-18,173.6431427001953,323.1623840332031
2023-10-19,173.2678680419922,324.3469543457031
2023-10-20,170.7200927734375,319.7947998046875
2023-10-23,170.83859252929688,322.3891296386719
2023-10-24,171.27308654785156,323.5736083984375
2023-10-25,168.96231079101562,333.5002746582031
2023-10-26,164.80494689941406,320.98919677734375
2023-10-27,166.11830139160156,322.8686828613281
2023-10-30,168.16244506835938,330.2109069824219
2023-10-31,168.63645935058594,330.9940490722656
2023-11-01,171.79647827148438,338.78656005859375
2023-11-02,175.35150146484375,340.9892272949219
2023-11-03,174.44296264648438,345.3749084472656
2023-11-06,176.99073791503906,349.0263977050781
2023-11-07,179.5483856201172,352.9422607421875
2023-11-08,180.6050262451172,355.5560607910156
2023-11-09,180.13104248046875,353.09881591796875
2023-11-10,184.3136749267578,361.8898620605469
2023-11-13,182.73159790039062,358.9627990722656
2023-11-14,185.342041015625,362.4772033691406
2023-11-15,185.90567016601562,362.6243896484375
2023-11-16,187.58663940429688,369.00048828125
2023-11-17,187.56687927246094,362.80096435546875
2023-11-20,189.30712890625,370.24627685546875
2023-11-21,188.50624084472656,365.9595947265625
2023-11-22,189.168701171875,370.6484680175781
2023-11-24,187.84371948242188,370.23651123046875
2023-11-27,187.66574096679688,371.39404296875
2023-11-28,188.26890563964844,375.40606689453125
2023-11-29,187.2504425048828,371.6294250488281
2023-11-30,187.82394409179688,371.688232421875
2023-12-01,189.09950256347656,367.3721618652344
2023-12-04,187.3097381591797,362.1044921875
2023-12-05,191.25509643554688,365.4200134277344
2023-12-06,190.1674346923828,361.77093505859375
2023-12-07,192.09556579589844,363.8799743652344
2023-12-08,193.51950073242188,367.09747314453125
2023-12-11,191.01779174804688,364.2232971191406
2023-12-12,192.53065490722656,367.24462890625
2023-12-13,195.7443084716797,367.23480224609375
2023-12-14,195.89260864257812,358.9556884765625
2023-12-15,195.35867309570312,363.6642150878906
2023-12-18,193.69749450683594,365.5475769042969
2023-12-19,194.7357177734375,366.1459045410156
2023-12-20,192.64932250976562,363.5562438964844
2023-12-21,192.50100708007812,366.4206237792969
2023-12-22,191.43310546875,367.4407958984375
2023-12-26,190.88922119140625,367.5192565917969
2023-12-27,190.9881134033203,366.9405517578125
2023-12-28,191.413330078125,368.12750244140625
2023-12-29,190.37506103515625,368.8730163574219
2024-01-02,183.56216430664062,363.801513671875
2024-01-03,182.18775939941406,363.53668212890625
2024-01-04,179.8739471435547,360.9273376464844
2024-01-05,179.152099609375,360.7409362792969
2024-01-08,183.4830780029297,367.5486755371094
2024-01-09,183.06776428222656,368.6277160644531
2024-01-10,184.1060333251953,375.4747009277344
2024-01-11,183.5127410888672,377.29925537109375
2024-01-12,183.83905029296875,381.0660400390625
2024-01-16,181.57469177246094,382.83172607421875
2024-01-17,180.6353302001953,382.0470275878906
2024-01-18,186.51873779296875,386.3631286621094
2024-01-19,189.4159393310547,391.07159423828125
2024-01-22,191.71983337402344,388.9528503417969
2024-01-23,192.9954376220703,391.29730224609375
2024-01-24,192.32302856445312,394.88751220703125
2024-01-25,191.9967041015625,397.1534729003906
2024-01-26,190.2662811279297,396.2314147949219
2024-01-29,189.58399963378906,401.91107177734375
2024-01-30,185.93533325195312,400.8026428222656
2024-01-31,182.3360595703125,390.00244140625
2024-02-01,184.76852416992188,396.0842590332031
2024-02-02,183.76983642578125,403.3824768066406
2024-02-05,185.57933044433594,397.9185791015625
2024-02-06,187.18124389648438,397.7616882324219
2024-02-07,187.29000854492188,406.1585388183594
2024-02-08,186.21218872070312,406.21734619140625
2024-02-09,186.9745635986328,412.53460693359375
2024-02-12,185.2914276123047,407.34552001953125
2024-02-13,183.20236206054688,398.57586669921875
2024-02-14,182.32119750976562,402.4282531738281
2024-02-15,182.03408813476562,399.54876708984375
2024-02-16,180.49948120117188,397.0918884277344
2024-02-20,179.75692749023438,395.8437805175781
2024-02-21,180.50938415527344,395.2442932128906
2024-02-22,182.53903198242188,404.55096435546875
2024-02-23,180.70742797851562,403.26361083984375
2024-02-26,179.36090087890625,400.5118713378906
2024-02-27,180.81631469726562,400.45294189453125
2024-02-28,179.6183319091797,400.6887512207031
2024-02-29,178.95498657226562,406.50665283203125
2024-03-01,177.8758087158203,408.3346252441406
2024-03-04,173.36109924316406,407.7646179199219
2024-03-05,168.4305419921875,395.7061767578125
2024-03-06,167.4404754638672,395.15594482421875
2024-03-07,167.32167053222656,402.0842590332031
2024-03-08,169.0344696044922,399.214599609375
2024-03-11,171.03440856933594,397.5439453125
2024-03-12,171.50965881347656,408.1183776855469
2024-03-13,169.43051147460938,407.9414978027344
2024-03-14,171.28195190429688,417.886962890625
2024-03-15,170.90570068359375,409.23870849609375
2024-03-18,171.9947967529297,410.1231994628906
2024-03-19,174.3313446044922,414.1427001953125
2024-03-20,176.89564514160156,417.8968505859375
2024-03-21,169.66810607910156,421.9654541015625
2024-03-22,170.56912231445312,421.3463134765625
2024-03-25,169.15330505371094,415.5676574707031
2024-03-26,168.02462768554688,414.3785705566406
2024-03-27,171.5888671875,414.162353515625
2024-03-28,169.77700805664062,413.4645690917969
2024-04-01,168.34144592285156,417.2481994628906
2024-04-02,167.1632537841797,414.17218017578125
2024-04-03,167.96519470214844,413.1992492675781
2024-04-04,167.14346313476562,410.6735534667969
2024-04-05,167.89590454101562,418.1817626953125
2024-04-08,166.77713012695312,417.2678527832031
2024-04-09,167.9850311279297,418.9286804199219
2024-04-10,166.11378479003906,415.9608459472656
2024-04-11,173.30166625976562,420.5502624511719
2024-04-12,174.7967071533203,414.6242370605469
2024-04-15,170.97503662109375,406.50665283203125
2024-04-16,167.69790649414062,407.4304504394531
2024-04-17,166.33160400390625,404.73773193359375
2024-04-18,165.38113403320312,397.2982482910156
2024-04-19,163.3614044189453,392.2370910644531
2024-04-22,164.1930389404297,394.0453186035156
2024-04-23,165.24252319335938,400.5413513183594
2024-04-24,167.3414764404297,402.00567626953125
2024-04-25,168.20285034179688,392.15850830078125
2024-04-26,167.61866760253906,399.3128967285156
2024-04-29,171.77699279785156,395.3130798339844
2024-04-30,168.63845825195312,382.6158752441406
2024-05-01,167.61866760253906,388.1291809082031
2024-05-02,171.31163024902344,390.97918701171875
2024-05-03,181.55886840820312,399.6470642089844
2024-05-06,179.9054412841797,406.408447265625
2024-05-07,180.5885772705078,402.2808532714844
2024-05-08,180.9252166748047,403.4601745605469
2024-05-09,182.737060546875,405.2095031738281
2024-05-10,181.47796630859375,407.5876770019531
2024-05-13,184.68019104003906,406.5852966308594
2024-05-14,185.82032775878906,409.3763427734375
2024-05-15,188.0906982421875,416.5338439941406
2024-05-16,188.20965576171875,414.4762268066406
2024-05-17,188.23939514160156,413.7082214355469
2024-05-20,189.3993377685547,418.7589416503906
2024-05-21,190.69808959960938,422.4016418457031
2024-05-22,189.26052856445312,423.8587341308594
2024-05-23,185.27508544921875,420.3931579589844
2024-05-24,188.34841918945312,423.5043029785156
2024-05-28,188.35838317871094,423.6618347167969
2024-05-29,188.65577697753906,422.5296325683594
2024-05-30,189.6471710205078,408.2539978027344
2024-05-31,190.59893798828125,408.7068176269531
2024-06-03,192.36366271972656,407.1217956542969
2024-06-04,192.68092346191406,409.63232421875
2024-06-05,194.18785095214844,417.4494323730469
2024-06-06,192.8097686767578,417.9515686035156
2024-06-07,195.19912719726562,417.2919616699219
2024-06-10,191.46145629882812,421.249755859375
2024-06-11,205.37095642089844,425.9853210449219
2024-06-12,211.24014282226562,434.2356872558594
2024-06-13,212.4001007080078,434.74761962890625
2024-06-14,210.6651153564453,435.7222595214844
2024-06-17,214.80923461914062,441.4325256347656
2024-06-18,212.4496612548828,439.4339599609375
2024-06-20,207.87924194335938,438.8038635253906
2024-06-21,205.7080841064453,442.8207092285156
2024-06-24,206.3524627685547,440.743408203125
2024-06-25,207.27452087402344,443.9726257324219
2024-06-26,211.41859436035156,445.16387939453125
2024-06-27,212.26129150390625,445.8432312011719
2024-06-28,208.81117248535156,440.0345153808594
2024-07-01,214.88853454589844,449.6632080078125
2024-07-02,218.37831115722656,452.1737976074219
2024-07-03,219.64732360839844,453.6406555175781
2024-07-05,224.3961639404297,460.32562255859375
2024-07-08,225.86346435546875,459.02606201171875
2024-07-09,226.71607971191406,452.42974853515625
2024-07-10,230.97915649414062,459.0359191894531
2024-07-11,225.61563110351562,447.6646423339844
2024-07-12,228.56011962890625,446.5323791503906
2024-07-15,232.386962890625,446.93609619140625
2024-07-16,232.80332946777344,442.5647888183594
2024-07-17,226.9143829345703,436.6575622558594
2024-07-18,222.2547149658203,433.5563659667969
2024-07-19,222.3836212158203,430.3467712402344
2024-07-22,222.03663635253906,436.0865478515625
2024-07-23,223.0775909423828,437.967041015625
2024-07-24,216.6631622314453,422.2638244628906
2024-07-25,215.62217712402344,411.9262390136719
2024-07-26,216.08815002441406,418.68994140625
2024-07-29,216.36573791503906,420.12738037109375
2024-07-30,216.92091369628906,416.3763427734375
2024-07-31,220.17276000976562,411.87701416015625
2024-08-01,216.48471069335938,410.6561584472656
2024-08-02,217.9718475341797,402.1695861816406
2024-08-05,207.4727783203125,389.0360412597656
2024-08-06,205.45025634765625,393.4269714355469
2024-08-07,208.01805114746094,392.2652282714844
2024-08-08,211.47808837890625,396.4593505859375
2024-08-09,214.38291931152344,399.73779296875
2024-08-12,215.9114532470703,400.5155944824219
2024-08-13,219.6236572265625,407.6042175292969
2024-08-14,220.07028198242188,410.41009521484375
2024-08-15,223.04798889160156,415.2626953125
2024-08-16,224.36807250976562,412.7377624511719
2024-08-19,224.2092742919922,415.7558288574219
2024-08-20,224.82464599609375,418.9810485839844
2024-08-21,224.71546936035156,418.3301086425781
2024-08-22,222.85939025878906,409.8577575683594
2024-08-23,225.15219116210938,411.0807800292969
2024-08-26,225.4896697998047,407.825927734375
2024-08-27,226.33334350585938,408.1712341308594
2024-08-28,224.8048095703125,404.9755859375
2024-08-29,228.0802459716797,407.4610290527344
2024-08-30,227.29611206054688,411.4259948730469
2024-09-03,221.11248779296875,403.8314514160156
2024-09-04,219.206787109375,403.298828125
2024-09-05,220.72540283203125,402.79583740234375
2024-09-06,219.177001953125,396.197509765625
2024-09-09,219.26632690429688,400.1623840332031
2024-09-10,218.4722900390625,408.5262145996094
2024-09-11,221.00331115722656,417.24517822265625
2024-09-12,221.11248779296875,421.15093994140625
2024-09-13,220.844482421875,424.6917419433594
2024-09-16,214.71047973632812,425.4314880371094
2024-09-17,215.1769561767578,429.18927001953125
2024-09-18,219.04795837402344,424.9087219238281
2024-09-19,227.16709899902344,432.6807556152344
2024-09-20,226.5020751953125,429.3076171875
2024-09-23,224.78492736816406,427.5717468261719
2024-09-24,225.67825317382812,423.29119873046875
2024-09-25,224.6856689453125,426.19085693359375
2024-09-26,225.82711791992188,425.40185546875
2024-09-27,226.09510803222656,422.1569519042969
2024-09-30,231.26634216308594,424.4057312011719
2024-10-01,224.52687072753906,414.9273376464844
2024-10-02,225.09262084960938,411.4161071777344
2024-10-03,223.9908905029297,410.8341979980469
2024-10-04,225.11251831054688,410.3608093261719
2024-10-07,220.04052734375,403.93011474609375
2024-10-08,224.0901641845703,409.02923583984375
2024-10-09,227.8321075439453,411.7416076660156
2024-10-10,227.3358154296875,410.143798828125
2024-10-11,225.85691833496094,410.61724853515625
2024-10-14,229.5790252685547,413.39862060546875
2024-10-15,232.11004638671875,413.00408935546875
2024-10-16,230.05543518066406,410.4199523925781
2024-10-17,230.4226837158203,411.01177978515625
2024-10-18,233.2515106201172,412.4320068359375
2024-10-21,234.72047424316406,413.04351806640625
2024-10-22,234.10507202148438,421.6539611816406
2024-10-23,229.04302978515625,418.7837829589844
2024-10-24,228.8544464111328,418.9120178222656
2024-10-25,229.6881866455078,422.2851867675781
2024-10-28,231.6633758544922,420.74652099609375
2024-10-29,231.93138122558594,426.03314208984375
2024-10-30,228.38795471191406,426.6051940917969
2024-10-31,224.22909545898438,400.7838134765625
2024-11-01,221.2514190673828,404.7486877441406
2024-11-04,220.35812377929688,402.8648376464844
2024-11-05,221.78741455078125,405.82373046875
2024-11-06,221.06283569335938,414.42431640625
2024-11-07,225.7874298095703,419.6024475097656
2024-11-08,225.51914978027344,416.7520446777344
2024-11-11,222.80648803710938,412.2840576171875
2024-11-12,222.80648803710938,417.2353210449219
2024-11-13,223.6908416748047,419.3756103515625
2024-11-14,226.7711639404297,421.0423889160156
2024-11-15,223.57159423828125,409.3152770996094
2024-11-18,226.57241821289062,410.06494140625
2024-11-19,226.8307647705078,412.0671081542969
2024-11-20,227.5461883544922,409.7986145019531
2024-11-21,227.06922912597656,408.0295715332031
2024-11-22,228.41067504882812,412.11114501953125
2024-11-25,231.39163208007812,413.880126953125
2024-11-26,233.56771850585938,422.9723205566406
2024-11-27,233.4385528564453,418.0309143066406
2024-11-29,235.82333374023438,418.4953918457031
2024-12-02,238.0689697265625,425.92724609375
2024-12-03,241.10952758789062,426.1446838378906
2024-12-04,241.46726989746094,432.2917785644531
2024-12-05,241.49705505371094,437.4307556152344
2024-12-06,241.29830932617188,438.3696594238281
2024-12-09,245.1835174560547,440.7909240722656
2024-12-10,246.197021484375,438.1324462890625
2024-12-11,244.92514038085938,443.72613525390625
2024-12-12,246.3858184814453,444.2894287109375
2024-12-13,246.55474853515625,442.0262451171875
2024-12-16,249.44625854492188,446.2956237792969
2024-12-17,251.87078857421875,449.1319885253906
2024-12-18,246.47525024414062,432.2621154785156
2024-12-19,248.20419311523438,431.90631103515625
2024-12-20,252.8743896484375,431.4813232421875
2024-12-23,253.64942932128906,430.1471862792969
2024-12-24,256.5608215332031,434.1793518066406
2024-12-26,257.3756103515625,432.9736633300781
2024-12-27,253.96739196777344,425.4825134277344
2024-12-30,250.59893798828125,419.849365234375
2024-12-31,248.83021545410156,416.5583801269531
2025-01-02,242.3019256591797,413.672607421875
2025-01-03,241.81503295898438,418.3866882324219
2025-01-06,243.44461059570312,422.8339538574219
2025-01-07,240.67233276367188,417.4181823730469
2025-01-08,241.15919494628906,419.58251953125
2025-01-10,235.3463592529297,414.0382995605469
2025-01-13,232.9119110107422,412.2989501953125
2025-01-14,231.79901123046875,410.7967529296875
2025-01-15,236.35987854003906,421.31201171875
2025-01-16,226.81088256835938,419.6022644042969
2025-01-17,228.51995849609375,424.0001220703125
2025-01-21,221.2265625,423.4763488769531
2025-01-22,222.40899658203125,440.9688415527344
2025-01-23,222.2401123046875,441.47283935546875
2025-01-24,221.36566162109375,438.8539123535156
2025-01-27,228.40072631835938,429.4653015136719
2025-01-28,236.74740600585938,441.95709228515625
2025-01-29,237.84043884277344,437.1441955566406
2025-01-30,236.08164978027344,410.1247253417969
2025-01-31,234.5017547607422,410.19390869140625
2025-02-03,226.56248474121094,406.1024475097656
2025-02-04,231.32208251953125,407.5354309082031
2025-02-05,230.99417114257812,408.44464111328125
2025-02-06,231.73941040039062,410.9449768066406
2025-02-07,226.1848907470703,404.9461669921875
2025-02-10,226.4534454345703,407.3872375488281
2025-02-11,231.3973388671875,406.6163635253906
2025-02-12,235.62501525878906,404.2444763183594
2025-02-13,240.26051330566406,405.7268981933594
2025-02-14,243.3143768310547,403.6416320800781
2025-02-18,243.18507385253906,404.8374328613281
2025-02-19,243.5829620361328,409.9072570800781
2025-02-20,244.5379180908203,412.07598876953125
2025-02-21,244.2593994140625,404.2331237792969
2025-02-24,245.80125427246094,400.0641174316406
2025-02-25,245.7415313720703,394.0235595703125
2025-02-26,239.09666442871094,395.8357849121094
2025-02-27,236.0527801513672,388.70587158203125
2025-02-28,240.56887817382812,393.1224365234375
2025-03-03,236.77891540527344,384.7052001953125
2025-03-04,234.68994140625,384.82403564453125
2025-03-05,234.50096130371094,397.1131896972656
2025-03-06,234.0930938720703,393.0234375
2025-03-07,237.81346130371094,389.478271484375
2025-03-10,226.2843780517578,376.4563903808594
2025-03-11,219.6792755126953,376.7435607910156
2025-03-12,215.8395538330078,379.5361022949219
2025-03-13,208.57791137695312,375.07989501953125
2025-03-14,212.367919921875,384.7745666503906
2025-03-17,212.87521362304688,384.9132385253906
2025-03-18,211.57211303710938,379.78363037109375
2025-03-19,214.1086883544922,384.0417785644531
2025-03-20,212.97470092773438,383.0713195800781
2025-03-21,217.12277221679688,387.4482421875
2025-03-24,219.56983947753906,389.25054931640625
2025-03-25,222.57395935058594,391.3102722167969
2025-03-26,220.36563110351562,386.1708068847656
2025-03-27,222.67344665527344,386.7748718261719
2025-03-28,216.75469970703125,375.1096496582031
2025-03-31,220.96249389648438,371.73291015625
2025-04-01,222.0169219970703,378.4666442871094
2025-04-02,222.7132568359375,378.4171142578125
2025-04-03,202.12205505371094,369.47503662109375
2025-04-04,187.38987731933594,356.3343200683594
2025-04-07,180.50625610351562,354.3736267089844
2025-04-08,171.51376342773438,351.1057434082031
2025-04-09,197.8048553466797,386.68572998046875
2025-04-10,189.4191436767578,377.6347961425781
2025-04-11,197.1085205078125,384.6656188964844
2025-04-14,201.45555114746094,384.0318298339844
2025-04-15,201.07754516601562,381.9721374511719
2025-04-16,193.2489013671875,367.98968505859375
2025-04-17,195.94467163085938,364.1969909667969
2025-04-21,192.1447296142578,355.6213684082031
2025-04-22,198.69017028808594,363.246337890625
2025-04-23,203.52462768554688,370.74261474609375
2025-04-24,207.27479553222656,383.52679443359375
2025-04-25,208.18003845214844,388.03253173828125
2025-04-28,209.03549194335938,387.3492126464844
2025-04-29,210.09988403320312,390.201171875
2025-04-30,211.3831024169922,391.4093017578125
2025-05-01,212.19879150390625,421.255615234375
2025-05-02,204.2707061767578,431.0393981933594
2025-05-05,197.84463500976562,431.9207458496094
2025-05-06,197.46661376953125,429.0885925292969
2025-05-07,195.21852111816406,429.12823486328125
2025-05-08,196.45201110839844,433.9012451171875
2025-05-09,197.48654174804688,434.45574951171875
2025-05-12,209.95704650878906,444.8832092285156
2025-05-13,212.08860778808594,444.764404296875
2025-05-14,211.49098205566406,448.5273742675781
2025-05-15,210.6144561767578,449.5392761230469
2025-05-16,210.42520141601562,450.67022705078125
2025-05-19,207.9550018310547,455.2337951660156
2025-05-20,206.04258728027344,454.5393371582031
2025-05-21,201.2914276123047,448.9837341308594
2025-05-22,200.5643310546875,451.2555847167969
2025-05-23,194.49838256835938,446.6126708984375
2025-05-27,199.4188690185547,457.03936767578125
2025-05-28,199.62803649902344,453.7357482910156
2025-05-29,199.15988159179688,455.0452880859375
2025-05-30,200.05633544921875,456.71197509765625
2025-06-02,200.9029541015625,458.3092041015625
2025-06-03,202.46678161621094,459.3013000488281
2025-06-04,202.0185546875,460.1941833496094
2025-06-05,199.8372039794922,463.9739685058594
2025-06-06,203.11419677734375,466.652587890625
2025-06-09,200.65394592285156,469.0038146972656
2025-06-10,201.869140625,467.1883239746094
2025-06-11,197.9945068359375,468.8748474121094
2025-06-12,198.41285705566406,475.0752868652344
2025-06-13,195.67373657226562,471.1962890625
2025-06-16,197.6359405517578,475.3431701660156
2025-06-17,194.86692810058594,474.25189208984375
2025-06-18,195.80320739746094,476.4344482421875
2025-06-20,200.20574951171875,473.616943359375
2025-06-23,200.70375061035156,482.1488037109375
2025-06-24,199.50851440429688,486.2261962890625
2025-06-25,200.76353454589844,488.3691101074219
2025-06-26,200.20574951171875,493.508056640625
2025-06-27,200.28543090820312,492.010009765625
2025-06-30,204.3592529296875,493.4684143066406
2025-07-01,206.99880981445312,488.1508483886719
2025-07-02,211.6005401611328,487.1984558105469
2025-07-03,212.70614624023438,494.8870544433594
2025-07-07,209.12037658691406,493.77593994140625
2025-07-08,209.1801300048828,492.6846618652344
2025-07-09,210.30564880371094,499.52008056640625
2025-07-10,211.57066345214844,497.5061340332031
2025-07-11,210.32559204101562,499.33154296875
2025-07-14,207.7956085205078,499.033935546875
2025-07-15,208.28369140625,501.8117370605469
2025-07-16,209.3295440673828,501.6133117675781
2025-07-17,209.19009399414062,507.6451416015625
2025-07-18,210.3455047607422,506.0082092285156
2025-07-21,211.640380859375,506.0181579589844
2025-07-22,213.5527801513672,501.26611328125
2025-07-23,213.30377197265625,501.861328125
2025-07-24,212.91531372070312,506.8316650390625
2025-07-25,213.0348358154297,509.63922119140625
2025-07-28,213.20419311523438,508.4388427734375
2025-07-29,210.43516540527344,508.50823974609375
2025-07-30,208.2239227294922,509.1729431152344
2025-07-31,206.74978637695312,529.2723999023438
2025-08-01,201.58029174804688,519.956787109375
2025-08-04,202.5464630126953,531.3955078125
2025-08-05,202.1181640625,523.5679321289062
2025-08-06,212.40733337402344,520.7802124023438
2025-08-07,219.16053771972656,516.7127685546875
2025-08-08,228.44371032714844,517.9031372070312
2025-08-11,226.53909301757812,517.6353759765625
2025-08-12,229.0021209716797,525.046142578125
2025-08-13,232.6717529296875,516.454833984375
2025-08-14,232.12330627441406,518.3397216796875
2025-08-15,230.9366455078125,516.0480346679688
2025-08-18,230.23863220214844,513.0023803710938
2025-08-19,229.90956115722656,505.73040771484375
2025-08-20,225.3723907470703,501.7125549316406
2025-08-21,224.26551818847656,501.0666198730469
2025-08-22,227.11744689941406,504.037841796875
2025-08-25,226.51914978027344,501.0865173339844
2025-08-26,228.6630859375,498.8804626464844
2025-08-27,229.8397674560547,503.5509033203125
2025-08-28,231.9039306640625,506.4326477050781
2025-08-29,231.485107421875,503.501220703125
2025-09-02,229.0719451904297,501.9410705566406
2025-09-03,237.79725646972656,502.16961669921875
2025-09-04,239.10353088378906,504.7731628417969
2025-09-05,239.01380920410156,491.8847961425781
2025-09-08,237.20892333984375,495.0646667480469
2025-09-09,233.6888885498047,495.2733154296875
2025-09-10,226.1501922607422,497.2209777832031
2025-09-11,229.3810577392578,497.8569641113281
2025-09-12,233.40968322753906,506.6910095214844
2025-09-15,236.03224182128906,512.1166381835938
2025-09-16,237.4781494140625,505.83642578125
2025-09-17,238.3157958984375,506.81024169921875
2025-09-18,237.20892333984375,505.2501220703125
2025-09-19,244.8074188232422,514.6704711914062
2025-09-22,255.35755920410156,511.21240234375
2025-09-23,253.7122344970703,506.0252380371094
2025-09-24,251.5981903076172,506.9394226074219
2025-09-25,256.14532470703125,503.8390808105469
2025-09-26,254.73931884765625,508.2411804199219
2025-09-29,253.7122344970703,511.3614196777344
2025-09-30,253.9116668701172,514.6903686523438
2025-10-01,254.72933959960938,516.4392700195312
2025-10-02,256.40460205078125,512.4942626953125
2025-10-03,257.2920837402344,514.0940551757812
2025-10-06,255.96583557128906,525.2435302734375
2025-10-07,255.75645446777344,520.682373046875
2025-10-08,257.3320007324219,521.5469360351562
2025-10-09,253.32330322265625,519.1123657226562
2025-10-10,244.5780792236328,507.74432373046875
2025-10-13,246.96133422851562,510.8149108886719
2025-10-14,247.07101440429688,510.337890625
2025-10-15,248.63658142089844,510.1988220214844
2025-10-16,246.7519073486328,508.3902282714844
2025-10-17,251.5782470703125,510.3478698730469
2025-10-20,261.50018310546875,513.5376586914062
2025-10-21,262.0286865234375,514.4021606445312
2025-10-22,257.72088623046875,517.2639770507812
2025-10-23,258.84765625,517.283935546875
2025-10-24,262.07855224609375,520.3147583007812
2025-10-27,268.0516357421875,528.1749877929688
2025-10-28,268.2410888671875,538.6585083007812
2025-10-29,268.93914794921875,538.1417846679688
2025-10-30,270.63433837890625,522.4512329101562
2025-10-31,269.60723876953125,514.5512084960938
2025-11-03,268.2909851074219,513.776123046875
2025-11-04,269.2781982421875,511.0931091308594
2025-11-05,269.3778991699219,503.96826171875
2025-11-06,269.0089416503906,493.9715576171875
2025-11-07,267.7126159667969,493.6933288574219
2025-11-10,268.9303283691406,502.8155822753906
2025-11-11,274.73956298828125,505.4786682128906
2025-11-12,272.962890625,507.9231872558594
2025-11-13,272.4438171386719,500.12261962890625
2025-11-14,271.90484619140625,506.96923828125
2025-11-17,266.9639892578125,504.2961730957031
2025-11-18,266.94403076171875,490.6824035644531
2025-11-19,268.0619812011719,484.05438232421875
2025-11-20,265.7562561035156,476.3088684082031
2025-11-21,270.98651123046875,470.0268249511719
2025-11-24,275.4083557128906,471.8985290527344
2025-11-25,276.45635986328125,474.8752136230469
2025-11-26,277.0353088378906,483.3475036621094
2025-11-28,278.3328857421875,489.82867431640625
2025-12-01,282.57501220703125,484.5820007324219
2025-12-02,285.6592712402344,487.82757568359375
2025-12-03,283.623046875,475.6119689941406
2025-12-04,280.179443359375,478.7081604003906
2025-12-05,278.26300048828125,481.01788330078125
2025-12-08,277.3746643066406,488.8430480957031
2025-12-09,276.6659851074219,489.8385925292969
2025-12-10,278.26300048828125,476.4382629394531
2025-12-11,277.514404296875,481.3265075683594
2025-12-12,277.763916015625,476.4084167480469
2025-12-15,273.6016540527344,472.7148742675781
2025-12-16,274.1007385253906,474.2779235839844
2025-12-17,271.33587646484375,474.00909423828125
2025-12-18,271.68524169921875,481.8342590332031
2025-12-19,273.1625061035156,483.7656555175781
2025-12-22,270.4674987792969,482.7701110839844
2025-12-23,271.85491943359375,484.6915588378906
2025-12-24,273.3022155761719,485.8563232421875
2025-12-26,272.89300537109375,485.5477294921875
2025-12-29,273.2523498535156,484.9404296875
2025-12-30,272.57354736328125,485.3187561035156
2025-12-31,271.3558349609375,481.4758605957031
2026-01-02,270.5074462890625,470.84320068359375
2026-01-05,266.764404296875,470.75360107421875
2026-01-06,261.87347412109375,476.3885192871094
2026-01-07,259.84722900390625,481.3265075683594
2026-01-08,258.55963134765625,475.9902648925781
2026-01-09,258.8890075683594,477.15509033203125
2026-01-12,259.7673645019531,475.06439208984375
2026-01-13,260.5658874511719,468.5832824707031
2026-01-14,259.4779052734375,457.3433532714844
2026-01-15,257.7311706542969,454.6354064941406
2026-01-16,255.05612182617188,457.8211975097656
2026-01-20,246.2425079345703,452.5048522949219
2026-01-21,247.1907501220703,442.1409912109375
2026-01-22,247.8894500732422,449.1398620605469
2026-01-23,247.58001708984375,463.8841857910156
2026-01-26,254.93637084960938,468.1949768066406
2026-01-27,257.7910461425781,478.4493408203125
2026-01-28,255.96444702148438,479.4946594238281
2026-01-29,257.801025390625,431.57806396484375
2026-01-30,258.99884033203125,428.3822937011719
2026-02-02,269.50927734375,421.49298095703125
2026-02-03,268.98028564453125,409.3868713378906
2026-02-04,275.97723388671875,412.35369873046875
2026-02-05,275.3983459472656,391.9246520996094
2026-02-06,277.6042175292969,399.3615417480469
2026-02-09,274.3672180175781,411.76629638671875
2026-02-10,273.4280700683594,411.437744140625
2026-02-11,275.24639892578125,402.5771789550781
2026-02-12,261.4891052246094,400.05841064453125
2026-02-13,255.5445556640625,399.5407409667969
2026-02-17,263.6371154785156,395.1004943847656
2026-02-18,264.106689453125,397.8283386230469
2026-02-19,260.3401184082031,397.5988464355469
2026-02-20,264.3364562988281,396.37152099609375
2026-02-23,265.9349670410156,383.6390686035156
2026-02-24,271.8895263671875,388.1593017578125
2026-02-25,273.97760009765625,399.7342224121094
2026-02-26,272.6987609863281,400.851806640625
2026-02-27,263.93682861328125,391.8912048339844
2026-03-02,264.476318359375,397.6886291503906
2026-03-03,263.5072326660156,403.0570068359375
2026-03-04,262.2783508300781,404.32427978515625
2026-03-05,260.0504150390625,409.79241943359375
2026-03-06,257.2229919433594,408.0761413574219
2026-03-09,259.6407775878906,408.5251770019531
2026-03-10,260.58990478515625,404.8830871582031
2026-03-11,260.5699157714844,404.0049743652344
2026-03-12,255.52456665039062,400.9914855957031
2026-03-13,249.8897705078125,394.69512939453125
2026-03-16,252.58729553222656,399.08563232421875
2026-03-17,253.99598693847656,398.5467834472656
2026-03-18,249.70994567871094,390.9432678222656
2026-03-19,248.73085021972656,388.1792297363281
2026-03-20,247.76173400878906,381.0447082519531
2026-03-23,251.25851440429688,382.1722717285156
2026-03-24,251.4083709716797,371.9344177246094
2026-03-25,252.38746643066406,370.2381286621094
2026-03-26,252.6572265625,365.1790771484375
2026-03-27,248.57098388671875,355.9989318847656
2026-03-30,246.40298461914062,358.1842041015625
2026-03-31,253.55638122558594,369.3699951171875
2026-04-01,255.3946990966797,368.57171630859375
2026-04-02,255.68443298339844,372.6528625488281
2026-04-06,258.6217041015625,372.0741271972656
2026-04-07,253.26666259765625,371.48541259765625
2026-04-08,258.66168212890625,373.52099609375
2026-04-09,260.2502136230469,372.26373291015625
2026-04-10,260.240234375,370.0684814453125
2026-04-13,258.96142578125,383.539306640625
2026-04-14,258.59173583984375,392.2604064941406
2026-04-15,266.18475341796875,410.3312683105469
2026-04-16,263.15753173828125,419.35174560546875
2026-04-17,269.98126220703125,421.87628173828125
2026-04-20,272.79864501953125,417.1664733886719
2026-04-21,265.9250183105469,423.2433166503906
2026-04-22,272.9185791015625,431.984375
2026-04-23,273.1783142089844,414.8514709472656
2026-04-24,270.81048583984375,423.7023010253906
2026-04-27,267.3636474609375,423.9018859863281
2026-04-28,270.4608154296875,428.3222961425781
2026-04-29,269.92132568359375,423.5426330566406
2026-04-30,271.1002502441406,406.8987121582031
2026-05-01,279.88214111328125,413.5443115234375
2026-05-04,276.5751647949219,412.72607421875
2026-05-05,283.9184265136719,410.4909362792969
2026-05-06,287.245361328125,413.0653381347656
2026-05-07,287.1754150390625,419.8606262207031
2026-05-08,293.0500183105469,414.22283935546875
2026-05-11,292.67999267578125,411.7681579589844
2026-05-12,294.79998779296875,406.8887023925781
2026-05-13,298.8699951171875,404.3342590332031
2026-05-14,298.2099914550781,408.5451354980469
2026-05-15,300.2300109863281,421.0081481933594
2026-05-18,297.8399963378906,422.6246643066406
2026-05-19,298.9700012207031,416.51788330078125
2026-05-20,302.25,420.1499938964844
2026-05-21,304.989990234375,419.0899963378906
2026-05-22,308.82000732421875,418.57000732421875
2026-05-26,308.3299865722656,416.0299987792969
2026-05-27,310.8500061035156,412.6700134277344
2026-05-28,312.510009765625,426.989990234375
2026-05-29,312.05999755859375,450.239990234375
2026-06-01,306.30999755859375,460.5199890136719
2026-06-02,315.20001220703125,441.30999755859375
2026-06-03,310.260009765625,427.3399963378906
2026-06-04,311.2300109863281,428.04998779296875
2026-06-05,307.3399963378906,416.6700134277344
2026-06-08,301.5400085449219,411.739990234375
2026-06-09,290.54998779296875,403.4100036621094
2026-06-10,291.5799865722656,397.3599853515625
2026-06-11,295.6300048828125,390.3399963378906
2026-06-12,291.1300048828125,390.739990234375
2026-06-15,296.4200134277344,399.760009765625
2026-06-16,299.239990234375,393.8299865722656
2026-06-17,295.95001220703125,378.9100036621094
2026-06-18,298.010009765625,379.3999938964844
2026-06-22,297.010009765625,367.3399963378906
2026-06-23,294.29998779296875,373.94000244140625
2026-06-24,293.0799865722656,365.4599914550781
2026-06-25,275.875,353.0050048828125
